<?xml version="1.0" encoding="UTF-8"?>
<rss version="2.0" xmlns:ror="http://rorweb.com/0.1/" >
<channel>
  <title>ROR Sitemap for http://chothuelaptop.net/</title>
  <link>http://chothuelaptop.net/</link>

<item>
     <link>http://chothuelaptop.net/</link>
     <title>Dịch vụ cho thuê laptop giá rẻ tại Hà Nội, TPHCM 0968557766</title>
     <description>Dịch vụ cho thuê laptop giá rẻ tại Hà Nội, TPHCM 0968557766</description>
     <ror:updatePeriod>weekly</ror:updatePeriod>
     <ror:sortOrder>0</ror:sortOrder>
     <ror:resourceOf>sitemap</ror:resourceOf>
</item>
<item>
     <link>http://chothuelaptop.net/ho-nang-lu%cc%a3c</link>
     <title>Hồ sơ năng lực Dịch vụ cho thuê laptop giá rẻ tại Hà Nội, HCM 0968557766</title>
     <description>Hồ sơ năng lực Dịch vụ cho thuê laptop giá rẻ tại Hà Nội, HCM 0968557766</description>
     <ror:updatePeriod>weekly</ror:updatePeriod>
     <ror:sortOrder>1</ror:sortOrder>
     <ror:resourceOf>sitemap</ror:resourceOf>
</item>
<item>
     <link>http://chothuelaptop.net/muc/chinh-sach</link>
     <title>Chính sách Dịch vụ cho thuê laptop giá rẻ tại Hà Nội, HCM 0968557766</title>
     <description>Chính sách Dịch vụ cho thuê laptop giá rẻ tại Hà Nội, HCM 0968557766</description>
     <ror:updatePeriod>weekly</ror:updatePeriod>
     <ror:sortOrder>1</ror:sortOrder>
     <ror:resourceOf>sitemap</ror:resourceOf>
</item>
<item>
     <link>http://chothuelaptop.net/muc/tin-tuc</link>
     <title>Tin tức Dịch vụ cho thuê laptop giá rẻ tại Hà Nội, HCM 0968557766</title>
     <description>Tin tức Dịch vụ cho thuê laptop giá rẻ tại Hà Nội, HCM 0968557766</description>
     <ror:updatePeriod>weekly</ror:updatePeriod>
     <ror:sortOrder>1</ror:sortOrder>
     <ror:resourceOf>sitemap</ror:resourceOf>
</item>
<item>
     <link>http://chothuelaptop.net/muc/hoi-dap</link>
     <title>Hỏi đáp Dịch vụ cho thuê laptop giá rẻ tại Hà Nội, HCM 0968557766</title>
     <description>Hỏi đáp Dịch vụ cho thuê laptop giá rẻ tại Hà Nội, HCM 0968557766</description>
     <ror:updatePeriod>weekly</ror:updatePeriod>
     <ror:sortOrder>1</ror:sortOrder>
     <ror:resourceOf>sitemap</ror:resourceOf>
</item>
<item>
     <link>http://chothuelaptop.net/lien-he%cc%a3</link>
     <title>Liên hệ Dịch vụ cho thuê laptop giá rẻ tại Hà Nội, HCM 0968557766</title>
     <description>Liên hệ Dịch vụ cho thuê laptop giá rẻ tại Hà Nội, HCM 0968557766</description>
     <ror:updatePeriod>weekly</ror:updatePeriod>
     <ror:sortOrder>1</ror:sortOrder>
     <ror:resourceOf>sitemap</ror:resourceOf>
</item>
<item>
     <link>http://chothuelaptop.net/cho-thue-iphone-7-tai-ha-noi.html</link>
     <title>Cho thuê iphone 7 tại Hà Nội Dịch vụ cho thuê laptop giá rẻ tại Hà Nội, HCM 0968557766</title>
     <description>Cho thuê iphone 7 tại Hà Nội Dịch vụ cho thuê laptop giá rẻ tại Hà Nội, HCM 0968557766</description>
     <ror:updatePeriod>weekly</ror:updatePeriod>
     <ror:sortOrder>1</ror:sortOrder>
     <ror:resourceOf>sitemap</ror:resourceOf>
</item>
<item>
     <link>http://chothuelaptop.net/cho-thue-iphone-6-plus.html</link>
     <title>Cho thuê iphone 6 Plus Dịch vụ cho thuê laptop giá rẻ tại Hà Nội, HCM 0968557766</title>
     <description>Cho thuê iphone 6 Plus Dịch vụ cho thuê laptop giá rẻ tại Hà Nội, HCM 0968557766</description>
     <ror:updatePeriod>weekly</ror:updatePeriod>
     <ror:sortOrder>1</ror:sortOrder>
     <ror:resourceOf>sitemap</ror:resourceOf>
</item>
<item>
     <link>http://chothuelaptop.net/dich-vu-cho-thue-laptop-cau-hinh-cao-tai-hcm.html</link>
     <title>Dịch vụ cho thuê laptop cấu hình cao tại HCM Dịch vụ cho thuê laptop giá rẻ tại Hà Nội, HCM 0968557766</title>
     <description>Dịch vụ cho thuê laptop cấu hình cao tại HCM Dịch vụ cho thuê laptop giá rẻ tại Hà Nội, HCM 0968557766</description>
     <ror:updatePeriod>weekly</ror:updatePeriod>
     <ror:sortOrder>1</ror:sortOrder>
     <ror:resourceOf>sitemap</ror:resourceOf>
</item>
<item>
     <link>http://chothuelaptop.net/dich-vu-cho-thue-laptop-to-chuc-su-kien-tai-hcm.html</link>
     <title>Dịch vụ cho thuê laptop tổ chức sự kiện tại HCM Dịch vụ cho thuê laptop giá rẻ tại Hà Nội, HCM 0968557766</title>
     <description>Dịch vụ cho thuê laptop tổ chức sự kiện tại HCM Dịch vụ cho thuê laptop giá rẻ tại Hà Nội, HCM 0968557766</description>
     <ror:updatePeriod>weekly</ror:updatePeriod>
     <ror:sortOrder>1</ror:sortOrder>
     <ror:resourceOf>sitemap</ror:resourceOf>
</item>
<item>
     <link>http://chothuelaptop.net/dich-vu-cho-thue-may-tinh-tai-ha-noi-hcm.html</link>
     <title>Dịch vụ cho thuê máy tính tại Hà Nội, HCM Dịch vụ cho thuê laptop giá rẻ tại Hà Nội, HCM 0968557766</title>
     <description>Dịch vụ cho thuê máy tính tại Hà Nội, HCM Dịch vụ cho thuê laptop giá rẻ tại Hà Nội, HCM 0968557766</description>
     <ror:updatePeriod>weekly</ror:updatePeriod>
     <ror:sortOrder>1</ror:sortOrder>
     <ror:resourceOf>sitemap</ror:resourceOf>
</item>
<item>
     <link>http://chothuelaptop.net/cho-thue-may-tinh-ban-hp-tai-ha-noi.html</link>
     <title>Cho Thuê Máy Tính Bàn HP Tại Hà Nội Dịch vụ cho thuê laptop giá rẻ tại Hà Nội, HCM 0968557766</title>
     <description>Cho Thuê Máy Tính Bàn HP Tại Hà Nội Dịch vụ cho thuê laptop giá rẻ tại Hà Nội, HCM 0968557766</description>
     <ror:updatePeriod>weekly</ror:updatePeriod>
     <ror:sortOrder>1</ror:sortOrder>
     <ror:resourceOf>sitemap</ror:resourceOf>
</item>
<item>
     <link>http://chothuelaptop.net/cho-thue-laptop-hp-8460p-core-i5.html</link>
     <title>Cho Thuê Laptop HP 8460P Core i5 Dịch vụ cho thuê laptop giá rẻ tại Hà Nội, HCM 0968557766</title>
     <description>Cho Thuê Laptop HP 8460P Core i5 Dịch vụ cho thuê laptop giá rẻ tại Hà Nội, HCM 0968557766</description>
     <ror:updatePeriod>weekly</ror:updatePeriod>
     <ror:sortOrder>1</ror:sortOrder>
     <ror:resourceOf>sitemap</ror:resourceOf>
</item>
<item>
     <link>http://chothuelaptop.net/cho-thue-laptop-hp-cau-hinh-van-phong-tai-ha-noi.html</link>
     <title>Cho Thuê Laptop HP Cấu Hình Văn Phòng Tại Hà Nội Dịch vụ cho thuê laptop giá rẻ tại Hà Nội, HCM 0968557766</title>
     <description>Cho Thuê Laptop HP Cấu Hình Văn Phòng Tại Hà Nội Dịch vụ cho thuê laptop giá rẻ tại Hà Nội, HCM 0968557766</description>
     <ror:updatePeriod>weekly</ror:updatePeriod>
     <ror:sortOrder>1</ror:sortOrder>
     <ror:resourceOf>sitemap</ror:resourceOf>
</item>
<item>
     <link>http://chothuelaptop.net/cho-thue-laptop-hp-cau-hinh-cao-tai-ha-noi.html</link>
     <title>Cho Thuê Laptop HP Cấu Hình Cao Tại Hà Nội Dịch vụ cho thuê laptop giá rẻ tại Hà Nội, HCM 0968557766</title>
     <description>Cho Thuê Laptop HP Cấu Hình Cao Tại Hà Nội Dịch vụ cho thuê laptop giá rẻ tại Hà Nội, HCM 0968557766</description>
     <ror:updatePeriod>weekly</ror:updatePeriod>
     <ror:sortOrder>1</ror:sortOrder>
     <ror:resourceOf>sitemap</ror:resourceOf>
</item>
<item>
     <link>http://chothuelaptop.net/dich-vu-cho-thue-may-tinh-de-ban.html</link>
     <title>Dịch vụ cho thuê máy tính để bàn Dịch vụ cho thuê laptop giá rẻ tại Hà Nội, HCM 0968557766</title>
     <description>Dịch vụ cho thuê máy tính để bàn Dịch vụ cho thuê laptop giá rẻ tại Hà Nội, HCM 0968557766</description>
     <ror:updatePeriod>weekly</ror:updatePeriod>
     <ror:sortOrder>1</ror:sortOrder>
     <ror:resourceOf>sitemap</ror:resourceOf>
</item>
<item>
     <link>http://chothuelaptop.net/cho-thue-may-tinh-cau-hinh-cao.html</link>
     <title>Cho thuê máy tính cấu hình cao Dịch vụ cho thuê laptop giá rẻ tại Hà Nội, HCM 0968557766</title>
     <description>Cho thuê máy tính cấu hình cao Dịch vụ cho thuê laptop giá rẻ tại Hà Nội, HCM 0968557766</description>
     <ror:updatePeriod>weekly</ror:updatePeriod>
     <ror:sortOrder>1</ror:sortOrder>
     <ror:resourceOf>sitemap</ror:resourceOf>
</item>
<item>
     <link>http://chothuelaptop.net/cho-thue-may-tinh-tai-ha-noi.html</link>
     <title>Cho thuê máy tính tại Hà Nội Dịch vụ cho thuê laptop giá rẻ tại Hà Nội, HCM 0968557766</title>
     <description>Cho thuê máy tính tại Hà Nội Dịch vụ cho thuê laptop giá rẻ tại Hà Nội, HCM 0968557766</description>
     <ror:updatePeriod>weekly</ror:updatePeriod>
     <ror:sortOrder>1</ror:sortOrder>
     <ror:resourceOf>sitemap</ror:resourceOf>
</item>
<item>
     <link>http://chothuelaptop.net/cho-thue-may-tinh-de-ban-hcm.html</link>
     <title>Cho thuê máy tính để bàn hcm Dịch vụ cho thuê laptop giá rẻ tại Hà Nội, HCM 0968557766</title>
     <description>Cho thuê máy tính để bàn hcm Dịch vụ cho thuê laptop giá rẻ tại Hà Nội, HCM 0968557766</description>
     <ror:updatePeriod>weekly</ror:updatePeriod>
     <ror:sortOrder>1</ror:sortOrder>
     <ror:resourceOf>sitemap</ror:resourceOf>
</item>
<item>
     <link>http://chothuelaptop.net/thue-laptop-gia-re-tai-ha-noi-va-hcm.html</link>
     <title>Thuê laptop giá rẻ đáp ứng nhu cầu đào tạo tại hà nội và HCM Dịch vụ cho thuê laptop giá rẻ tại Hà Nội, HCM 0968557766</title>
     <description>Thuê laptop giá rẻ đáp ứng nhu cầu đào tạo tại hà nội và HCM Dịch vụ cho thuê laptop giá rẻ tại Hà Nội, HCM 0968557766</description>
     <ror:updatePeriod>weekly</ror:updatePeriod>
     <ror:sortOrder>1</ror:sortOrder>
     <ror:resourceOf>sitemap</ror:resourceOf>
</item>
<item>
     <link>http://chothuelaptop.net/di%cc%a3ch-vu%cc%a3-cho-thue-die%cc%a3n-thoa%cc%a3i-smartphone-ta%cc%a3i-ha-no%cc%a3i.html</link>
     <title>Dịch vụ cho thuê điện thoại smartphone tại Hà Nội Dịch vụ cho thuê laptop giá rẻ tại Hà Nội, HCM 0968557766</title>
     <description>Dịch vụ cho thuê điện thoại smartphone tại Hà Nội Dịch vụ cho thuê laptop giá rẻ tại Hà Nội, HCM 0968557766</description>
     <ror:updatePeriod>weekly</ror:updatePeriod>
     <ror:sortOrder>1</ror:sortOrder>
     <ror:resourceOf>sitemap</ror:resourceOf>
</item>
<item>
     <link>http://chothuelaptop.net/cho-thue-may-tinh-bang-tablet.html</link>
     <title>Cho thuê máy tính bảng tablet tại Hà Nội Dịch vụ cho thuê laptop giá rẻ tại Hà Nội, HCM 0968557766</title>
     <description>Cho thuê máy tính bảng tablet tại Hà Nội Dịch vụ cho thuê laptop giá rẻ tại Hà Nội, HCM 0968557766</description>
     <ror:updatePeriod>weekly</ror:updatePeriod>
     <ror:sortOrder>1</ror:sortOrder>
     <ror:resourceOf>sitemap</ror:resourceOf>
</item>
<item>
     <link>http://chothuelaptop.net/mau-hop-dong-thue-laptop.html</link>
     <title>Mẫu hợp đồng thuê laptop Dịch vụ cho thuê laptop giá rẻ tại Hà Nội, HCM 0968557766</title>
     <description>Mẫu hợp đồng thuê laptop Dịch vụ cho thuê laptop giá rẻ tại Hà Nội, HCM 0968557766</description>
     <ror:updatePeriod>weekly</ror:updatePeriod>
     <ror:sortOrder>1</ror:sortOrder>
     <ror:resourceOf>sitemap</ror:resourceOf>
</item>
<item>
     <link>http://chothuelaptop.net/cho-thue-macbook.html</link>
     <title>Cho thuê macbook Dịch vụ cho thuê laptop giá rẻ tại Hà Nội, HCM 0968557766</title>
     <description>Cho thuê macbook Dịch vụ cho thuê laptop giá rẻ tại Hà Nội, HCM 0968557766</description>
     <ror:updatePeriod>weekly</ror:updatePeriod>
     <ror:sortOrder>1</ror:sortOrder>
     <ror:resourceOf>sitemap</ror:resourceOf>
</item>
<item>
     <link>http://chothuelaptop.net/cho-thue-macbook-air.html</link>
     <title>Cho thuê macbook Air Dịch vụ cho thuê laptop giá rẻ tại Hà Nội, HCM 0968557766</title>
     <description>Cho thuê macbook Air Dịch vụ cho thuê laptop giá rẻ tại Hà Nội, HCM 0968557766</description>
     <ror:updatePeriod>weekly</ror:updatePeriod>
     <ror:sortOrder>1</ror:sortOrder>
     <ror:resourceOf>sitemap</ror:resourceOf>
</item>
<item>
     <link>http://chothuelaptop.net/cho-thue-macbook-pro.html</link>
     <title>Cho thuê macbook pro Dịch vụ cho thuê laptop giá rẻ tại Hà Nội, HCM 0968557766</title>
     <description>Cho thuê macbook pro Dịch vụ cho thuê laptop giá rẻ tại Hà Nội, HCM 0968557766</description>
     <ror:updatePeriod>weekly</ror:updatePeriod>
     <ror:sortOrder>1</ror:sortOrder>
     <ror:resourceOf>sitemap</ror:resourceOf>
</item>
<item>
     <link>http://chothuelaptop.net/cho-thue-laptop-dong-bo.html</link>
     <title>Cho thuê laptop đồng bộ Dịch vụ cho thuê laptop giá rẻ tại Hà Nội, HCM 0968557766</title>
     <description>Cho thuê laptop đồng bộ Dịch vụ cho thuê laptop giá rẻ tại Hà Nội, HCM 0968557766</description>
     <ror:updatePeriod>weekly</ror:updatePeriod>
     <ror:sortOrder>1</ror:sortOrder>
     <ror:resourceOf>sitemap</ror:resourceOf>
</item>
<item>
     <link>http://chothuelaptop.net/cho-thue-may-laptop-tai-ha-noi.html</link>
     <title>Cho thuê máy laptop tại Hà Nội Dịch vụ cho thuê laptop giá rẻ tại Hà Nội, HCM 0968557766</title>
     <description>Cho thuê máy laptop tại Hà Nội Dịch vụ cho thuê laptop giá rẻ tại Hà Nội, HCM 0968557766</description>
     <ror:updatePeriod>weekly</ror:updatePeriod>
     <ror:sortOrder>1</ror:sortOrder>
     <ror:resourceOf>sitemap</ror:resourceOf>
</item>
<item>
     <link>http://chothuelaptop.net/cho-thue-laptop-core-i5.html</link>
     <title>Cho thuê laptop core i5 số lượng lớn Dịch vụ cho thuê laptop giá rẻ tại Hà Nội, HCM 0968557766</title>
     <description>Cho thuê laptop core i5 số lượng lớn Dịch vụ cho thuê laptop giá rẻ tại Hà Nội, HCM 0968557766</description>
     <ror:updatePeriod>weekly</ror:updatePeriod>
     <ror:sortOrder>1</ror:sortOrder>
     <ror:resourceOf>sitemap</ror:resourceOf>
</item>
<item>
     <link>http://chothuelaptop.net/thue-laptop-ha-noi.html</link>
     <title>Thuê laptop hà nội Dịch vụ cho thuê laptop giá rẻ tại Hà Nội, HCM 0968557766</title>
     <description>Thuê laptop hà nội Dịch vụ cho thuê laptop giá rẻ tại Hà Nội, HCM 0968557766</description>
     <ror:updatePeriod>weekly</ror:updatePeriod>
     <ror:sortOrder>1</ror:sortOrder>
     <ror:resourceOf>sitemap</ror:resourceOf>
</item>
<item>
     <link>http://chothuelaptop.net/gia-thue-laptop.html</link>
     <title>Giá thuê laptop tại Hà Nội và HCM Dịch vụ cho thuê laptop giá rẻ tại Hà Nội, HCM 0968557766</title>
     <description>Giá thuê laptop tại Hà Nội và HCM Dịch vụ cho thuê laptop giá rẻ tại Hà Nội, HCM 0968557766</description>
     <ror:updatePeriod>weekly</ror:updatePeriod>
     <ror:sortOrder>1</ror:sortOrder>
     <ror:resourceOf>sitemap</ror:resourceOf>
</item>
<item>
     <link>http://chothuelaptop.net/sinh-vien-muon-thue-laptop.html</link>
     <title>Sinh viên muốn thuê laptop phục vụ học tập Dịch vụ cho thuê laptop giá rẻ tại Hà Nội, HCM 0968557766</title>
     <description>Sinh viên muốn thuê laptop phục vụ học tập Dịch vụ cho thuê laptop giá rẻ tại Hà Nội, HCM 0968557766</description>
     <ror:updatePeriod>weekly</ror:updatePeriod>
     <ror:sortOrder>1</ror:sortOrder>
     <ror:resourceOf>sitemap</ror:resourceOf>
</item>
<item>
     <link>http://chothuelaptop.net/cho-thue-laptop-phuc-vu-su-kien-tai-ha-noi.html</link>
     <title>Cho thuê laptop phục vụ sự kiện tại Hà Nội Dịch vụ cho thuê laptop giá rẻ tại Hà Nội, HCM 0968557766</title>
     <description>Cho thuê laptop phục vụ sự kiện tại Hà Nội Dịch vụ cho thuê laptop giá rẻ tại Hà Nội, HCM 0968557766</description>
     <ror:updatePeriod>weekly</ror:updatePeriod>
     <ror:sortOrder>1</ror:sortOrder>
     <ror:resourceOf>sitemap</ror:resourceOf>
</item>
<item>
     <link>http://chothuelaptop.net/cho-thue-laptop-core-i7-ram-8gb-ta%cc%a3i-ha-no%cc%a3i.html</link>
     <title>Cho thuê laptop core i7 ram 8GB tại Hà Nội Dịch vụ cho thuê laptop giá rẻ tại Hà Nội, HCM 0968557766</title>
     <description>Cho thuê laptop core i7 ram 8GB tại Hà Nội Dịch vụ cho thuê laptop giá rẻ tại Hà Nội, HCM 0968557766</description>
     <ror:updatePeriod>weekly</ror:updatePeriod>
     <ror:sortOrder>1</ror:sortOrder>
     <ror:resourceOf>sitemap</ror:resourceOf>
</item>
<item>
     <link>http://chothuelaptop.net/cho-thue-laptop-phuc-vu-dao-tao-tai-son-la.html</link>
     <title>Cho thuê laptop phục vụ đào tạo tại Sơn La Dịch vụ cho thuê laptop giá rẻ tại Hà Nội, HCM 0968557766</title>
     <description>Cho thuê laptop phục vụ đào tạo tại Sơn La Dịch vụ cho thuê laptop giá rẻ tại Hà Nội, HCM 0968557766</description>
     <ror:updatePeriod>weekly</ror:updatePeriod>
     <ror:sortOrder>1</ror:sortOrder>
     <ror:resourceOf>sitemap</ror:resourceOf>
</item>
<item>
     <link>http://chothuelaptop.net/cho-thue-laptop-tai-nha-trang-khanh-hoa.html</link>
     <title>Cho thuê laptop tại Nha Trang &amp;#8211; Khánh Hòa Dịch vụ cho thuê laptop giá rẻ tại Hà Nội, HCM 0968557766</title>
     <description>Cho thuê laptop tại Nha Trang &amp;#8211; Khánh Hòa Dịch vụ cho thuê laptop giá rẻ tại Hà Nội, HCM 0968557766</description>
     <ror:updatePeriod>weekly</ror:updatePeriod>
     <ror:sortOrder>1</ror:sortOrder>
     <ror:resourceOf>sitemap</ror:resourceOf>
</item>
<item>
     <link>http://chothuelaptop.net/cho-thue-laptop-tai-hcm.html</link>
     <title>Dịch vụ cho thuê laptop cấu hình cao tại HCM Dịch vụ cho thuê laptop giá rẻ tại Hà Nội, HCM 0968557766</title>
     <description>Dịch vụ cho thuê laptop cấu hình cao tại HCM Dịch vụ cho thuê laptop giá rẻ tại Hà Nội, HCM 0968557766</description>
     <ror:updatePeriod>weekly</ror:updatePeriod>
     <ror:sortOrder>1</ror:sortOrder>
     <ror:resourceOf>sitemap</ror:resourceOf>
</item>
<item>
     <link>http://chothuelaptop.net/cho-thue-laptop-tai-quang-ninh.html</link>
     <title>Cho thuê laptop tại Quảng Ninh Dịch vụ cho thuê laptop giá rẻ tại Hà Nội, HCM 0968557766</title>
     <description>Cho thuê laptop tại Quảng Ninh Dịch vụ cho thuê laptop giá rẻ tại Hà Nội, HCM 0968557766</description>
     <ror:updatePeriod>weekly</ror:updatePeriod>
     <ror:sortOrder>1</ror:sortOrder>
     <ror:resourceOf>sitemap</ror:resourceOf>
</item>
<item>
     <link>http://chothuelaptop.net/page/2</link>
     <title>Dịch vụ cho thuê laptop giá rẻ tại Hà Nội, TPHCM 0968557766</title>
     <description>Dịch vụ cho thuê laptop giá rẻ tại Hà Nội, TPHCM 0968557766</description>
     <ror:updatePeriod>weekly</ror:updatePeriod>
     <ror:sortOrder>1</ror:sortOrder>
     <ror:resourceOf>sitemap</ror:resourceOf>
</item>
<item>
     <link>http://chothuelaptop.net/muc/cho-thue-laptop</link>
     <title>Cho thuê laptop Dịch vụ cho thuê laptop giá rẻ tại Hà Nội, HCM 0968557766</title>
     <description>Cho thuê laptop Dịch vụ cho thuê laptop giá rẻ tại Hà Nội, HCM 0968557766</description>
     <ror:updatePeriod>weekly</ror:updatePeriod>
     <ror:sortOrder>1</ror:sortOrder>
     <ror:resourceOf>sitemap</ror:resourceOf>
</item>
<item>
     <link>http://chothuelaptop.net/muc/cho-thue-dien-thoai</link>
     <title>Cho thuê điện thoại Dịch vụ cho thuê laptop giá rẻ tại Hà Nội, HCM 0968557766</title>
     <description>Cho thuê điện thoại Dịch vụ cho thuê laptop giá rẻ tại Hà Nội, HCM 0968557766</description>
     <ror:updatePeriod>weekly</ror:updatePeriod>
     <ror:sortOrder>1</ror:sortOrder>
     <ror:resourceOf>sitemap</ror:resourceOf>
</item>
<item>
     <link>http://chothuelaptop.net/muc/cho-thue-may-tinh</link>
     <title>Cho thuê máy tính Dịch vụ cho thuê laptop giá rẻ tại Hà Nội, HCM 0968557766</title>
     <description>Cho thuê máy tính Dịch vụ cho thuê laptop giá rẻ tại Hà Nội, HCM 0968557766</description>
     <ror:updatePeriod>weekly</ror:updatePeriod>
     <ror:sortOrder>1</ror:sortOrder>
     <ror:resourceOf>sitemap</ror:resourceOf>
</item>
<item>
     <link>http://chothuelaptop.net/cho-thue-may-tinh-xach-tay.html</link>
     <title>Cho thuê máy tính xách tay Dịch vụ cho thuê laptop giá rẻ tại Hà Nội, HCM 0968557766</title>
     <description>Cho thuê máy tính xách tay Dịch vụ cho thuê laptop giá rẻ tại Hà Nội, HCM 0968557766</description>
     <ror:updatePeriod>weekly</ror:updatePeriod>
     <ror:sortOrder>2</ror:sortOrder>
     <ror:resourceOf>sitemap</ror:resourceOf>
</item>
<item>
     <link>http://chothuelaptop.net/cho-thue-laptop-dong-bo-cung-cau-hinh.html</link>
     <title>Cho thuê laptop đồng bộ cùng cấu hình Dịch vụ cho thuê laptop giá rẻ tại Hà Nội, HCM 0968557766</title>
     <description>Cho thuê laptop đồng bộ cùng cấu hình Dịch vụ cho thuê laptop giá rẻ tại Hà Nội, HCM 0968557766</description>
     <ror:updatePeriod>weekly</ror:updatePeriod>
     <ror:sortOrder>2</ror:sortOrder>
     <ror:resourceOf>sitemap</ror:resourceOf>
</item>
<item>
     <link>http://chothuelaptop.net/cho-thue-may-laptop.html</link>
     <title>Cho thuê máy laptop cấu hình cao tại Hà Nội Dịch vụ cho thuê laptop giá rẻ tại Hà Nội, HCM 0968557766</title>
     <description>Cho thuê máy laptop cấu hình cao tại Hà Nội Dịch vụ cho thuê laptop giá rẻ tại Hà Nội, HCM 0968557766</description>
     <ror:updatePeriod>weekly</ror:updatePeriod>
     <ror:sortOrder>2</ror:sortOrder>
     <ror:resourceOf>sitemap</ror:resourceOf>
</item>
<item>
     <link>http://chothuelaptop.net/cho-thue-laptop-dell-so-luong-lon-tai-ha-noi.html</link>
     <title>Dịch vụ cho thuê laptop dell số lượng lớn tại hà nội Dịch vụ cho thuê laptop giá rẻ tại Hà Nội, HCM 0968557766</title>
     <description>Dịch vụ cho thuê laptop dell số lượng lớn tại hà nội Dịch vụ cho thuê laptop giá rẻ tại Hà Nội, HCM 0968557766</description>
     <ror:updatePeriod>weekly</ror:updatePeriod>
     <ror:sortOrder>2</ror:sortOrder>
     <ror:resourceOf>sitemap</ror:resourceOf>
</item>
<item>
     <link>http://chothuelaptop.net/dich-vu-cho-thue-laptop-tai-ha-noi.html</link>
     <title>Dịch vụ cho thuê laptop tại hà nội Dịch vụ cho thuê laptop giá rẻ tại Hà Nội, HCM 0968557766</title>
     <description>Dịch vụ cho thuê laptop tại hà nội Dịch vụ cho thuê laptop giá rẻ tại Hà Nội, HCM 0968557766</description>
     <ror:updatePeriod>weekly</ror:updatePeriod>
     <ror:sortOrder>2</ror:sortOrder>
     <ror:resourceOf>sitemap</ror:resourceOf>
</item>
<item>
     <link>http://chothuelaptop.net/dich-vu-cho-thue-laptop-gia-re.html</link>
     <title>Dịch vụ cho thuê laptop cấu hình cao giá rẻ tại Hà Nội Dịch vụ cho thuê laptop giá rẻ tại Hà Nội, HCM 0968557766</title>
     <description>Dịch vụ cho thuê laptop cấu hình cao giá rẻ tại Hà Nội Dịch vụ cho thuê laptop giá rẻ tại Hà Nội, HCM 0968557766</description>
     <ror:updatePeriod>weekly</ror:updatePeriod>
     <ror:sortOrder>2</ror:sortOrder>
     <ror:resourceOf>sitemap</ror:resourceOf>
</item>
<item>
     <link>http://chothuelaptop.net/thu-tuc-thue-laptop-tai-cho-thue-gia-re.html</link>
     <title>Thủ tục thuê laptop tại CHO THUÊ GIÁ RẺ Dịch vụ cho thuê laptop giá rẻ tại Hà Nội, HCM 0968557766</title>
     <description>Thủ tục thuê laptop tại CHO THUÊ GIÁ RẺ Dịch vụ cho thuê laptop giá rẻ tại Hà Nội, HCM 0968557766</description>
     <ror:updatePeriod>weekly</ror:updatePeriod>
     <ror:sortOrder>2</ror:sortOrder>
     <ror:resourceOf>sitemap</ror:resourceOf>
</item>
<item>
     <link>http://chothuelaptop.net/muc/lien-he</link>
     <title>Liên hệ Dịch vụ cho thuê laptop giá rẻ tại Hà Nội, HCM 0968557766</title>
     <description>Liên hệ Dịch vụ cho thuê laptop giá rẻ tại Hà Nội, HCM 0968557766</description>
     <ror:updatePeriod>weekly</ror:updatePeriod>
     <ror:sortOrder>2</ror:sortOrder>
     <ror:resourceOf>sitemap</ror:resourceOf>
</item>
<item>
     <link>http://chothuelaptop.net/cho-thue-laptop-tai-hai-phong.html</link>
     <title>Cho thuê laptop tại Hải Phòng Dịch vụ cho thuê laptop giá rẻ tại Hà Nội, HCM 0968557766</title>
     <description>Cho thuê laptop tại Hải Phòng Dịch vụ cho thuê laptop giá rẻ tại Hà Nội, HCM 0968557766</description>
     <ror:updatePeriod>weekly</ror:updatePeriod>
     <ror:sortOrder>2</ror:sortOrder>
     <ror:resourceOf>sitemap</ror:resourceOf>
</item>
<item>
     <link>http://chothuelaptop.net/cho-thue-laptop-phuc-vu-dao-tao-tai-can-tho.html</link>
     <title>Cho thuê laptop phục vụ đào tạo tại Cần Thơ Dịch vụ cho thuê laptop giá rẻ tại Hà Nội, HCM 0968557766</title>
     <description>Cho thuê laptop phục vụ đào tạo tại Cần Thơ Dịch vụ cho thuê laptop giá rẻ tại Hà Nội, HCM 0968557766</description>
     <ror:updatePeriod>weekly</ror:updatePeriod>
     <ror:sortOrder>2</ror:sortOrder>
     <ror:resourceOf>sitemap</ror:resourceOf>
</item>
<item>
     <link>http://chothuelaptop.net/cho-thue-laptop-tai-da-nang.html</link>
     <title>Cho thuê laptop tại Đà Nẵng Dịch vụ cho thuê laptop giá rẻ tại Hà Nội, HCM 0968557766</title>
     <description>Cho thuê laptop tại Đà Nẵng Dịch vụ cho thuê laptop giá rẻ tại Hà Nội, HCM 0968557766</description>
     <ror:updatePeriod>weekly</ror:updatePeriod>
     <ror:sortOrder>2</ror:sortOrder>
     <ror:resourceOf>sitemap</ror:resourceOf>
</item>
<item>
     <link>http://chothuelaptop.net/cho-thue-laptop-cau-hinh-cao-ta%cc%a3i-ha-no%cc%a3i.html</link>
     <title>Cho thuê laptop cấu hình cao tại Hà Nội Dịch vụ cho thuê laptop giá rẻ tại Hà Nội, HCM 0968557766</title>
     <description>Cho thuê laptop cấu hình cao tại Hà Nội Dịch vụ cho thuê laptop giá rẻ tại Hà Nội, HCM 0968557766</description>
     <ror:updatePeriod>weekly</ror:updatePeriod>
     <ror:sortOrder>2</ror:sortOrder>
     <ror:resourceOf>sitemap</ror:resourceOf>
</item>
</channel>
</rss>
  